profile,setting,route_id,selected_route_id,selected_route_name,preferences_applied,directions,checklist,error,route_switch_correct,mobility_step_free_applicable,mobility_step_free_ok,vision_nonvisual_guidance_applicable,vision_nonvisual_guidance_ok,hearing_text_replacement_applicable,hearing_text_replacement_ok,cognitive_simple_structure_applicable,cognitive_simple_structure_ok,schema_valid
no_profile,no_profile,indoor_station_transfer_stairs,indoor_station_transfer_stairs,Indoor Station Transfer (stairs),[],"[""Step 1: Enter the station concourse and look for the blue transfer signs. (90m, about 2 min)."", ""Step 2: Take the stairs down to the lower platform corridor. (40m, about 2 min)."", ""Step 3: Listen for the platform announcement before entering Track 4. (160m, about 3 min)."", ""Step 4: Look for the green exit sign at the end of the corridor. (130m, about 2 min).""]",[],,True,False,True,False,True,False,True,False,True,True
no_profile,profile_only,indoor_station_transfer_stairs,indoor_station_transfer_stairs,Indoor Station Transfer (stairs),[],"[""Step 1: Enter the station concourse and look for the blue transfer signs. (90m, about 2 min)."", ""Step 2: Take the stairs down to the lower platform corridor. (40m, about 2 min)."", ""Step 3: Listen for the platform announcement before entering Track 4. (160m, about 3 min)."", ""Step 4: Look for the green exit sign at the end of the corridor. (130m, about 2 min).""]",[],,True,False,True,False,True,False,True,False,True,True
no_profile,no_profile,indoor_station_transfer_elevator,indoor_station_transfer_elevator,Indoor Station Transfer (elevator),[],"[""Step 1: Go to the staffed information desk beside the main concourse. (110m, about 3 min)."", ""Step 2: Use the elevator beside the ticket machines to reach the lower corridor. (50m, about 3 min)."", ""Step 3: Follow the flat corridor to Track 4 and check the electronic board. (220m, about 4 min)."", ""Step 4: Continue to the accessible exit beside the service counter. (140m, about 2 min).""]",[],,True,False,True,False,True,False,True,False,True,True
no_profile,profile_only,indoor_station_transfer_elevator,indoor_station_transfer_elevator,Indoor Station Transfer (elevator),[],"[""Step 1: Go to the staffed information desk beside the main concourse. (110m, about 3 min)."", ""Step 2: Use the elevator beside the ticket machines to reach the lower corridor. (50m, about 3 min)."", ""Step 3: Follow the flat corridor to Track 4 and check the electronic board. (220m, about 4 min)."", ""Step 4: Continue to the accessible exit beside the service counter. (140m, about 2 min).""]",[],,True,False,True,False,True,False,True,False,True,True
no_profile,no_profile,indoor_museum_visual_signage,indoor_museum_visual_signage,Museum Entrance to Gallery Wing,[],"[""Step 1: Look for the red Gallery B sign above the main hall doorway. (80m, about 2 min)."", ""Step 2: Walk through the quiet sculpture hall to the tactile floor strip. (150m, about 3 min)."", ""Step 3: See the glass wall and turn right toward Gallery B. (130m, about 3 min).""]",[],,True,False,True,False,True,False,True,False,True,True
no_profile,profile_only,indoor_museum_visual_signage,indoor_museum_visual_signage,Museum Entrance to Gallery Wing,[],"[""Step 1: Look for the red Gallery B sign above the main hall doorway. (80m, about 2 min)."", ""Step 2: Walk through the quiet sculpture hall to the tactile floor strip. (150m, about 3 min)."", ""Step 3: See the glass wall and turn right toward Gallery B. (130m, about 3 min).""]",[],,True,False,True,False,True,False,True,False,True,True
no_profile,no_profile,indoor_noisy_platform_audio,indoor_noisy_platform_audio,Noisy Platform Transfer,[],"[""Step 1: Walk to the central platform waiting zone. (90m, about 2 min)."", ""Step 2: Listen for the gate change announcement in the noisy hall. (80m, about 2 min)."", ""Step 3: Continue to the boarding gate beside the display board. (130m, about 3 min).""]",[],,True,False,True,False,True,False,True,False,True,True
no_profile,profile_only,indoor_noisy_platform_audio,indoor_noisy_platform_audio,Noisy Platform Transfer,[],"[""Step 1: Walk to the central platform waiting zone. (90m, about 2 min)."", ""Step 2: Listen for the gate change announcement in the noisy hall. (80m, about 2 min)."", ""Step 3: Continue to the boarding gate beside the display board. (130m, about 3 min).""]",[],,True,False,True,False,True,False,True,False,True,True
no_profile,no_profile,indoor_university_long_corridor,indoor_university_long_corridor,University Building Long Corridor,[],"[""Step 1: Enter the main lobby and go to the information screen. (120m, about 2 min)."", ""Step 2: Continue 620m along the long east corridor. (620m, about 10 min)."", ""Step 3: Turn right at the seminar room cluster. (240m, about 4 min).""]",[],,True,False,True,False,True,False,True,False,True,True
no_profile,profile_only,indoor_university_long_corridor,indoor_university_long_corridor,University Building Long Corridor,[],"[""Step 1: Enter the main lobby and go to the information screen. (120m, about 2 min)."", ""Step 2: Continue 620m along the long east corridor. (620m, about 10 min)."", ""Step 3: Turn right at the seminar room cluster. (240m, about 4 min).""]",[],,True,False,True,False,True,False,True,False,True,True
no_profile,no_profile,indoor_hospital_complex_instructions,indoor_hospital_complex_instructions,Hospital Reception to Clinic Desk,[],"[""Step 1: Proceed from reception through the atrium, then continue past the pharmacy and outpatient waiting area. (180m, about 4 min)."", ""Step 2: After the second glass door, turn left, pass two corridor junctions, and continue toward Clinic C. (220m, about 5 min)."", ""Step 3: Check in at the clinic desk beside the blue seating area. (140m, about 2 min).""]",[],,True,False,True,False,True,False,True,False,True,True
no_profile,profile_only,indoor_hospital_complex_instructions,indoor_hospital_complex_instructions,Hospital Reception to Clinic Desk,[],"[""Step 1: Proceed from reception through the atrium, then continue past the pharmacy and outpatient waiting area. (180m, about 4 min)."", ""Step 2: After the second glass door, turn left, pass two corridor junctions, and continue toward Clinic C. (220m, about 5 min)."", ""Step 3: Check in at the clinic desk beside the blue seating area. (140m, about 2 min).""]",[],,True,False,True,False,True,False,True,False,True,True
wheelchair,no_profile,indoor_station_transfer_stairs,indoor_station_transfer_stairs,Indoor Station Transfer (stairs),[],"[""Step 1: Enter the station concourse and look for the blue transfer signs. (90m, about 2 min)."", ""Step 2: Take the stairs down to the lower platform corridor. (40m, about 2 min)."", ""Step 3: Listen for the platform announcement before entering Track 4. (160m, about 3 min)."", ""Step 4: Look for the green exit sign at the end of the corridor. (130m, about 2 min).""]",[],,True,False,True,False,True,False,True,False,True,True
wheelchair,profile_only,indoor_station_transfer_stairs,indoor_station_transfer_elevator,Indoor Station Transfer (elevator),"[""step_free_route"", ""mobility_step_free_preference""]","[""Step 1: Go to the staffed information desk beside the main concourse. (110m, about 3 min)."", ""Step 2: Use the elevator beside the ticket machines to reach the lower corridor. (50m, about 3 min)."", ""Step 3: Follow the flat corridor to Track 4 and check the electronic board. (220m, about 4 min)."", ""Step 4: Continue to the accessible exit beside the service counter. (140m, about 2 min).""]","[""Confirm elevators or ramps before departure."", ""Avoid any stair segment unless explicitly assisted.""]",,True,True,True,False,True,False,True,False,True,True
wheelchair,no_profile,indoor_station_transfer_elevator,indoor_station_transfer_elevator,Indoor Station Transfer (elevator),[],"[""Step 1: Go to the staffed information desk beside the main concourse. (110m, about 3 min)."", ""Step 2: Use the elevator beside the ticket machines to reach the lower corridor. (50m, about 3 min)."", ""Step 3: Follow the flat corridor to Track 4 and check the electronic board. (220m, about 4 min)."", ""Step 4: Continue to the accessible exit beside the service counter. (140m, about 2 min).""]",[],,True,False,True,False,True,False,True,False,True,True
wheelchair,profile_only,indoor_station_transfer_elevator,indoor_station_transfer_elevator,Indoor Station Transfer (elevator),"[""mobility_step_free_preference""]","[""Step 1: Go to the staffed information desk beside the main concourse. (110m, about 3 min)."", ""Step 2: Use the elevator beside the ticket machines to reach the lower corridor. (50m, about 3 min)."", ""Step 3: Follow the flat corridor to Track 4 and check the electronic board. (220m, about 4 min)."", ""Step 4: Continue to the accessible exit beside the service counter. (140m, about 2 min).""]","[""Confirm elevators or ramps before departure."", ""Avoid any stair segment unless explicitly assisted.""]",,True,False,True,False,True,False,True,False,True,True
wheelchair,no_profile,indoor_museum_visual_signage,indoor_museum_visual_signage,Museum Entrance to Gallery Wing,[],"[""Step 1: Look for the red Gallery B sign above the main hall doorway. (80m, about 2 min)."", ""Step 2: Walk through the quiet sculpture hall to the tactile floor strip. (150m, about 3 min)."", ""Step 3: See the glass wall and turn right toward Gallery B. (130m, about 3 min).""]",[],,True,False,True,False,True,False,True,False,True,True
wheelchair,profile_only,indoor_museum_visual_signage,indoor_museum_visual_signage,Museum Entrance to Gallery Wing,"[""mobility_step_free_preference""]","[""Step 1: Look for the red Gallery B sign above the main hall doorway. (80m, about 2 min)."", ""Step 2: Walk through the quiet sculpture hall to the tactile floor strip. (150m, about 3 min)."", ""Step 3: See the glass wall and turn right toward Gallery B. (130m, about 3 min).""]","[""Confirm elevators or ramps before departure."", ""Avoid any stair segment unless explicitly assisted.""]",,True,False,True,False,True,False,True,False,True,True
wheelchair,no_profile,indoor_noisy_platform_audio,indoor_noisy_platform_audio,Noisy Platform Transfer,[],"[""Step 1: Walk to the central platform waiting zone. (90m, about 2 min)."", ""Step 2: Listen for the gate change announcement in the noisy hall. (80m, about 2 min)."", ""Step 3: Continue to the boarding gate beside the display board. (130m, about 3 min).""]",[],,True,False,True,False,True,False,True,False,True,True
wheelchair,profile_only,indoor_noisy_platform_audio,indoor_noisy_platform_audio,Noisy Platform Transfer,"[""mobility_step_free_preference""]","[""Step 1: Walk to the central platform waiting zone. (90m, about 2 min)."", ""Step 2: Listen for the gate change announcement in the noisy hall. (80m, about 2 min)."", ""Step 3: Continue to the boarding gate beside the display board. (130m, about 3 min).""]","[""Confirm elevators or ramps before departure."", ""Avoid any stair segment unless explicitly assisted.""]",,True,False,True,False,True,False,True,False,True,True
wheelchair,no_profile,indoor_university_long_corridor,indoor_university_long_corridor,University Building Long Corridor,[],"[""Step 1: Enter the main lobby and go to the information screen. (120m, about 2 min)."", ""Step 2: Continue 620m along the long east corridor. (620m, about 10 min)."", ""Step 3: Turn right at the seminar room cluster. (240m, about 4 min).""]",[],,True,False,True,False,True,False,True,False,True,True
wheelchair,profile_only,indoor_university_long_corridor,indoor_university_long_corridor,University Building Long Corridor,"[""mobility_step_free_preference""]","[""Step 1: Enter the main lobby and go to the information screen. (120m, about 2 min)."", ""Step 2: Continue 620m along the long east corridor. (620m, about 10 min)."", ""Step 3: Turn right at the seminar room cluster. (240m, about 4 min).""]","[""Confirm elevators or ramps before departure."", ""Avoid any stair segment unless explicitly assisted.""]",,True,False,True,False,True,False,True,False,True,True
wheelchair,no_profile,indoor_hospital_complex_instructions,indoor_hospital_complex_instructions,Hospital Reception to Clinic Desk,[],"[""Step 1: Proceed from reception through the atrium, then continue past the pharmacy and outpatient waiting area. (180m, about 4 min)."", ""Step 2: After the second glass door, turn left, pass two corridor junctions, and continue toward Clinic C. (220m, about 5 min)."", ""Step 3: Check in at the clinic desk beside the blue seating area. (140m, about 2 min).""]",[],,True,False,True,False,True,False,True,False,True,True
wheelchair,profile_only,indoor_hospital_complex_instructions,indoor_hospital_complex_instructions,Hospital Reception to Clinic Desk,"[""mobility_step_free_preference""]","[""Step 1: Proceed from reception through the atrium, then continue past the pharmacy and outpatient waiting area. (180m, about 4 min)."", ""Step 2: After the second glass door, turn left, pass two corridor junctions, and continue toward Clinic C. (220m, about 5 min)."", ""Step 3: Check in at the clinic desk beside the blue seating area. (140m, about 2 min).""]","[""Confirm elevators or ramps before departure."", ""Avoid any stair segment unless explicitly assisted.""]",,True,False,True,False,True,False,True,False,True,True
blind_low_vision,no_profile,indoor_station_transfer_stairs,indoor_station_transfer_stairs,Indoor Station Transfer (stairs),[],"[""Step 1: Enter the station concourse and look for the blue transfer signs. (90m, about 2 min)."", ""Step 2: Take the stairs down to the lower platform corridor. (40m, about 2 min)."", ""Step 3: Listen for the platform announcement before entering Track 4. (160m, about 3 min)."", ""Step 4: Look for the green exit sign at the end of the corridor. (130m, about 2 min).""]",[],,True,False,True,False,True,False,True,False,True,True
blind_low_vision,profile_only,indoor_station_transfer_stairs,indoor_station_transfer_stairs,Indoor Station Transfer (stairs),"[""nonvisual_indoor_guidance"", ""low_vision_stepwise_directions""]","[""Step 1: Use nearby staff, tactile cues, or the route text to confirm Station concourse (90m, about 2 min). Landmark: Station concourse."", ""Step 2: Take the stairs down to the lower platform corridor. (40m, about 2 min)."", ""Step 3: Listen for the platform announcement before entering Track 4. (160m, about 3 min). Landmark: Track 4."", ""Step 4: Use nearby staff, tactile cues, or the route text to confirm Exit corridor (130m, about 2 min). Landmark: Exit corridor.""]","[""Keep your preferred navigation aid ready."", ""Use landmarks and distance checks at each step.""]",,True,False,True,True,True,False,True,False,True,True
blind_low_vision,no_profile,indoor_station_transfer_elevator,indoor_station_transfer_elevator,Indoor Station Transfer (elevator),[],"[""Step 1: Go to the staffed information desk beside the main concourse. (110m, about 3 min)."", ""Step 2: Use the elevator beside the ticket machines to reach the lower corridor. (50m, about 3 min)."", ""Step 3: Follow the flat corridor to Track 4 and check the electronic board. (220m, about 4 min)."", ""Step 4: Continue to the accessible exit beside the service counter. (140m, about 2 min).""]",[],,True,False,True,False,True,False,True,False,True,True
blind_low_vision,profile_only,indoor_station_transfer_elevator,indoor_station_transfer_elevator,Indoor Station Transfer (elevator),"[""low_vision_stepwise_directions""]","[""Step 1: Go to the staffed information desk beside the main concourse. (110m, about 3 min). Landmark: Information desk."", ""Step 2: Use the elevator beside the ticket machines to reach the lower corridor. (50m, about 3 min). Landmark: Elevator beside ticket machines."", ""Step 3: Follow the flat corridor to Track 4 and check the electronic board. (220m, about 4 min). Landmark: Electronic board."", ""Step 4: Continue to the accessible exit beside the service counter. (140m, about 2 min). Landmark: Service counter.""]","[""Keep your preferred navigation aid ready."", ""Use landmarks and distance checks at each step.""]",,True,False,True,False,True,False,True,False,True,True
blind_low_vision,no_profile,indoor_museum_visual_signage,indoor_museum_visual_signage,Museum Entrance to Gallery Wing,[],"[""Step 1: Look for the red Gallery B sign above the main hall doorway. (80m, about 2 min)."", ""Step 2: Walk through the quiet sculpture hall to the tactile floor strip. (150m, about 3 min)."", ""Step 3: See the glass wall and turn right toward Gallery B. (130m, about 3 min).""]",[],,True,False,True,False,True,False,True,False,True,True
blind_low_vision,profile_only,indoor_museum_visual_signage,indoor_museum_visual_signage,Museum Entrance to Gallery Wing,"[""nonvisual_indoor_guidance"", ""low_vision_stepwise_directions""]","[""Step 1: Use nearby staff, tactile cues, or the route text to confirm Main hall doorway (80m, about 2 min). Landmark: Main hall doorway."", ""Step 2: Walk through the quiet sculpture hall to the tactile floor strip. (150m, about 3 min). Landmark: Sculpture hall."", ""Step 3: Use nearby staff, tactile cues, or the route text to confirm Glass wall (130m, about 3 min). Landmark: Glass wall.""]","[""Keep your preferred navigation aid ready."", ""Use landmarks and distance checks at each step.""]",,True,False,True,True,True,False,True,False,True,True
blind_low_vision,no_profile,indoor_noisy_platform_audio,indoor_noisy_platform_audio,Noisy Platform Transfer,[],"[""Step 1: Walk to the central platform waiting zone. (90m, about 2 min)."", ""Step 2: Listen for the gate change announcement in the noisy hall. (80m, about 2 min)."", ""Step 3: Continue to the boarding gate beside the display board. (130m, about 3 min).""]",[],,True,False,True,False,True,False,True,False,True,True
blind_low_vision,profile_only,indoor_noisy_platform_audio,indoor_noisy_platform_audio,Noisy Platform Transfer,"[""low_vision_stepwise_directions""]","[""Step 1: Walk to the central platform waiting zone. (90m, about 2 min). Landmark: Central waiting zone."", ""Step 2: Listen for the gate change announcement in the noisy hall. (80m, about 2 min). Landmark: Announcement speaker."", ""Step 3: Continue to the boarding gate beside the display board. (130m, about 3 min). Landmark: Display board.""]","[""Keep your preferred navigation aid ready."", ""Use landmarks and distance checks at each step.""]",,True,False,True,False,True,False,True,False,True,True
blind_low_vision,no_profile,indoor_university_long_corridor,indoor_university_long_corridor,University Building Long Corridor,[],"[""Step 1: Enter the main lobby and go to the information screen. (120m, about 2 min)."", ""Step 2: Continue 620m along the long east corridor. (620m, about 10 min)."", ""Step 3: Turn right at the seminar room cluster. (240m, about 4 min).""]",[],,True,False,True,False,True,False,True,False,True,True
blind_low_vision,profile_only,indoor_university_long_corridor,indoor_university_long_corridor,University Building Long Corridor,"[""low_vision_stepwise_directions""]","[""Step 1: Enter the main lobby and go to the information screen. (120m, about 2 min). Landmark: Main lobby."", ""Step 2: Continue 620m along the long east corridor. (620m, about 10 min). Landmark: East corridor."", ""Step 3: Turn right at the seminar room cluster. (240m, about 4 min). Landmark: Seminar rooms.""]","[""Keep your preferred navigation aid ready."", ""Use landmarks and distance checks at each step.""]",,True,False,True,False,True,False,True,False,True,True
blind_low_vision,no_profile,indoor_hospital_complex_instructions,indoor_hospital_complex_instructions,Hospital Reception to Clinic Desk,[],"[""Step 1: Proceed from reception through the atrium, then continue past the pharmacy and outpatient waiting area. (180m, about 4 min)."", ""Step 2: After the second glass door, turn left, pass two corridor junctions, and continue toward Clinic C. (220m, about 5 min)."", ""Step 3: Check in at the clinic desk beside the blue seating area. (140m, about 2 min).""]",[],,True,False,True,False,True,False,True,False,True,True
blind_low_vision,profile_only,indoor_hospital_complex_instructions,indoor_hospital_complex_instructions,Hospital Reception to Clinic Desk,"[""low_vision_stepwise_directions""]","[""Step 1: Proceed from reception through the atrium, then continue past the pharmacy and outpatient waiting area. (180m, about 4 min). Landmark: Reception."", ""Step 2: After the second glass door, turn left, pass two corridor junctions, and continue toward Clinic C. (220m, about 5 min). Landmark: Clinic C corridor."", ""Step 3: Check in at the clinic desk beside the blue seating area. (140m, about 2 min). Landmark: Clinic desk.""]","[""Keep your preferred navigation aid ready."", ""Use landmarks and distance checks at each step.""]",,True,False,True,False,True,False,True,False,True,True
deaf_sign,no_profile,indoor_station_transfer_stairs,indoor_station_transfer_stairs,Indoor Station Transfer (stairs),[],"[""Step 1: Enter the station concourse and look for the blue transfer signs. (90m, about 2 min)."", ""Step 2: Take the stairs down to the lower platform corridor. (40m, about 2 min)."", ""Step 3: Listen for the platform announcement before entering Track 4. (160m, about 3 min)."", ""Step 4: Look for the green exit sign at the end of the corridor. (130m, about 2 min).""]",[],,True,False,True,False,True,False,True,False,True,True
deaf_sign,profile_only,indoor_station_transfer_stairs,indoor_station_transfer_stairs,Indoor Station Transfer (stairs),"[""audio_to_visible_cues"", ""deaf_text_first_guidance""]","[""STEP 1 ENTER THE STATION CONCOURSE AND LOOK FOR THE BLUE TRANSFER SIGNS 90M ABOUT 2 MIN"", ""STEP 2 TAKE THE STAIRS DOWN TO THE LOWER PLATFORM CORRIDOR 40M ABOUT 2 MIN"", ""STEP 3 MOVE TO THE SAME STOP AND CHECK ELECTRONIC DISPLAY BOARDS FOR BUS 9 UPDATES 160M ABOUT 3 MIN"", ""STEP 4 LOOK FOR THE GREEN EXIT SIGN AT THE END OF THE CORRIDOR 130M ABOUT 2 MIN""]","[""USE TEXT OR VISUAL TRANSIT BOARDS FOR LIVE UPDATES"", ""IF NEEDED SHOW ROUTE TEXT TO STATION STAFF""]",,True,False,True,False,True,True,True,False,True,True
deaf_sign,no_profile,indoor_station_transfer_elevator,indoor_station_transfer_elevator,Indoor Station Transfer (elevator),[],"[""Step 1: Go to the staffed information desk beside the main concourse. (110m, about 3 min)."", ""Step 2: Use the elevator beside the ticket machines to reach the lower corridor. (50m, about 3 min)."", ""Step 3: Follow the flat corridor to Track 4 and check the electronic board. (220m, about 4 min)."", ""Step 4: Continue to the accessible exit beside the service counter. (140m, about 2 min).""]",[],,True,False,True,False,True,False,True,False,True,True
deaf_sign,profile_only,indoor_station_transfer_elevator,indoor_station_transfer_elevator,Indoor Station Transfer (elevator),"[""deaf_text_first_guidance""]","[""STEP 1 GO TO THE STAFFED INFORMATION DESK BESIDE THE MAIN CONCOURSE 110M ABOUT 3 MIN"", ""STEP 2 USE THE ELEVATOR BESIDE THE TICKET MACHINES TO REACH THE LOWER CORRIDOR 50M ABOUT 3 MIN"", ""STEP 3 FOLLOW THE FLAT CORRIDOR TO TRACK 4 AND CHECK THE ELECTRONIC BOARD 220M ABOUT 4 MIN"", ""STEP 4 CONTINUE TO THE ACCESSIBLE EXIT BESIDE THE SERVICE COUNTER 140M ABOUT 2 MIN""]","[""USE TEXT OR VISUAL TRANSIT BOARDS FOR LIVE UPDATES"", ""IF NEEDED SHOW ROUTE TEXT TO STATION STAFF""]",,True,False,True,False,True,False,True,False,True,True
deaf_sign,no_profile,indoor_museum_visual_signage,indoor_museum_visual_signage,Museum Entrance to Gallery Wing,[],"[""Step 1: Look for the red Gallery B sign above the main hall doorway. (80m, about 2 min)."", ""Step 2: Walk through the quiet sculpture hall to the tactile floor strip. (150m, about 3 min)."", ""Step 3: See the glass wall and turn right toward Gallery B. (130m, about 3 min).""]",[],,True,False,True,False,True,False,True,False,True,True
deaf_sign,profile_only,indoor_museum_visual_signage,indoor_museum_visual_signage,Museum Entrance to Gallery Wing,"[""deaf_text_first_guidance""]","[""STEP 1 LOOK FOR THE RED GALLERY B SIGN ABOVE THE MAIN HALL DOORWAY 80M ABOUT 2 MIN"", ""STEP 2 WALK THROUGH THE QUIET SCULPTURE HALL TO THE TACTILE FLOOR STRIP 150M ABOUT 3 MIN"", ""STEP 3 SEE THE GLASS WALL AND TURN RIGHT TOWARD GALLERY B 130M ABOUT 3 MIN""]","[""USE TEXT OR VISUAL TRANSIT BOARDS FOR LIVE UPDATES"", ""IF NEEDED SHOW ROUTE TEXT TO STATION STAFF""]",,True,False,True,False,True,False,True,False,True,True
deaf_sign,no_profile,indoor_noisy_platform_audio,indoor_noisy_platform_audio,Noisy Platform Transfer,[],"[""Step 1: Walk to the central platform waiting zone. (90m, about 2 min)."", ""Step 2: Listen for the gate change announcement in the noisy hall. (80m, about 2 min)."", ""Step 3: Continue to the boarding gate beside the display board. (130m, about 3 min).""]",[],,True,False,True,False,True,False,True,False,True,True
deaf_sign,profile_only,indoor_noisy_platform_audio,indoor_noisy_platform_audio,Noisy Platform Transfer,"[""audio_to_visible_cues"", ""deaf_text_first_guidance""]","[""STEP 1 WALK TO THE CENTRAL PLATFORM WAITING ZONE 90M ABOUT 2 MIN"", ""STEP 2 MOVE TO THE SAME STOP AND CHECK ELECTRONIC DISPLAY BOARDS FOR BUS 9 UPDATES 80M ABOUT 2 MIN"", ""STEP 3 CONTINUE TO THE BOARDING GATE BESIDE THE DISPLAY BOARD 130M ABOUT 3 MIN""]","[""USE TEXT OR VISUAL TRANSIT BOARDS FOR LIVE UPDATES"", ""IF NEEDED SHOW ROUTE TEXT TO STATION STAFF""]",,True,False,True,False,True,True,True,False,True,True
deaf_sign,no_profile,indoor_university_long_corridor,indoor_university_long_corridor,University Building Long Corridor,[],"[""Step 1: Enter the main lobby and go to the information screen. (120m, about 2 min)."", ""Step 2: Continue 620m along the long east corridor. (620m, about 10 min)."", ""Step 3: Turn right at the seminar room cluster. (240m, about 4 min).""]",[],,True,False,True,False,True,False,True,False,True,True
deaf_sign,profile_only,indoor_university_long_corridor,indoor_university_long_corridor,University Building Long Corridor,"[""deaf_text_first_guidance""]","[""STEP 1 ENTER THE MAIN LOBBY AND GO TO THE INFORMATION SCREEN 120M ABOUT 2 MIN"", ""STEP 2 CONTINUE 620M ALONG THE LONG EAST CORRIDOR 620M ABOUT 10 MIN"", ""STEP 3 TURN RIGHT AT THE SEMINAR ROOM CLUSTER 240M ABOUT 4 MIN""]","[""USE TEXT OR VISUAL TRANSIT BOARDS FOR LIVE UPDATES"", ""IF NEEDED SHOW ROUTE TEXT TO STATION STAFF""]",,True,False,True,False,True,False,True,False,True,True
deaf_sign,no_profile,indoor_hospital_complex_instructions,indoor_hospital_complex_instructions,Hospital Reception to Clinic Desk,[],"[""Step 1: Proceed from reception through the atrium, then continue past the pharmacy and outpatient waiting area. (180m, about 4 min)."", ""Step 2: After the second glass door, turn left, pass two corridor junctions, and continue toward Clinic C. (220m, about 5 min)."", ""Step 3: Check in at the clinic desk beside the blue seating area. (140m, about 2 min).""]",[],,True,False,True,False,True,False,True,False,True,True
deaf_sign,profile_only,indoor_hospital_complex_instructions,indoor_hospital_complex_instructions,Hospital Reception to Clinic Desk,"[""deaf_text_first_guidance""]","[""STEP 1 PROCEED FROM RECEPTION THROUGH THE ATRIUM THEN CONTINUE PAST THE PHARMACY AND OUTPATIENT WAITING AREA 180M ABOUT 4 MIN"", ""STEP 2 AFTER THE SECOND GLASS DOOR TURN LEFT PASS TWO CORRIDOR JUNCTIONS AND CONTINUE TOWARD CLINIC C 220M ABOUT 5 MIN"", ""STEP 3 CHECK IN AT THE CLINIC DESK BESIDE THE BLUE SEATING AREA 140M ABOUT 2 MIN""]","[""USE TEXT OR VISUAL TRANSIT BOARDS FOR LIVE UPDATES"", ""IF NEEDED SHOW ROUTE TEXT TO STATION STAFF""]",,True,False,True,False,True,False,True,False,True,True
simple_memory,no_profile,indoor_station_transfer_stairs,indoor_station_transfer_stairs,Indoor Station Transfer (stairs),[],"[""Step 1: Enter the station concourse and look for the blue transfer signs. (90m, about 2 min)."", ""Step 2: Take the stairs down to the lower platform corridor. (40m, about 2 min)."", ""Step 3: Listen for the platform announcement before entering Track 4. (160m, about 3 min)."", ""Step 4: Look for the green exit sign at the end of the corridor. (130m, about 2 min).""]",[],,True,False,True,False,True,False,True,False,True,True
simple_memory,profile_only,indoor_station_transfer_stairs,indoor_station_transfer_stairs,Indoor Station Transfer (stairs),"[""simple_english_mode""]","[""Step 1: Enter the station concourse and look for the blue transfer signs. (90m, about 2 min)."", ""Step 2: Take the stairs down to the lower platform corridor. (40m, about 2 min)."", ""Step 3: Listen for the platform announcement before entering Track 4. (160m, about 3 min)."", ""Step 4: Look for the green exit sign at the end of the corridor. (130m, about 2 min).""]","[""Check each step before you move."", ""Take your time. It is okay to pause.""]",,True,False,True,False,True,False,True,True,True,True
simple_memory,no_profile,indoor_station_transfer_elevator,indoor_station_transfer_elevator,Indoor Station Transfer (elevator),[],"[""Step 1: Go to the staffed information desk beside the main concourse. (110m, about 3 min)."", ""Step 2: Use the elevator beside the ticket machines to reach the lower corridor. (50m, about 3 min)."", ""Step 3: Follow the flat corridor to Track 4 and check the electronic board. (220m, about 4 min)."", ""Step 4: Continue to the accessible exit beside the service counter. (140m, about 2 min).""]",[],,True,False,True,False,True,False,True,False,True,True
simple_memory,profile_only,indoor_station_transfer_elevator,indoor_station_transfer_elevator,Indoor Station Transfer (elevator),"[""simple_english_mode""]","[""Step 1: Go to the staffed information desk beside the main concourse. (110m, about 3 min)."", ""Step 2: Use the elevator beside the ticket machines to reach the lower corridor. (50m, about 3 min)."", ""Step 3: Follow the flat corridor to Track 4 and check the electronic board. (220m, about 4 min)."", ""Step 4: Continue to the easy access exit beside the service counter. (140m, about 2 min).""]","[""Check each step before you move."", ""Take your time. It is okay to pause.""]",,True,False,True,False,True,False,True,True,True,True
simple_memory,no_profile,indoor_museum_visual_signage,indoor_museum_visual_signage,Museum Entrance to Gallery Wing,[],"[""Step 1: Look for the red Gallery B sign above the main hall doorway. (80m, about 2 min)."", ""Step 2: Walk through the quiet sculpture hall to the tactile floor strip. (150m, about 3 min)."", ""Step 3: See the glass wall and turn right toward Gallery B. (130m, about 3 min).""]",[],,True,False,True,False,True,False,True,False,True,True
simple_memory,profile_only,indoor_museum_visual_signage,indoor_museum_visual_signage,Museum Entrance to Gallery Wing,"[""simple_english_mode""]","[""Step 1: Look for the red Gallery B sign above the main hall doorway. (80m, about 2 min)."", ""Step 2: Walk through the quiet sculpture hall to the tactile floor strip. (150m, about 3 min)."", ""Step 3: See the glass wall and turn right toward Gallery B. (130m, about 3 min).""]","[""Check each step before you move."", ""Take your time. It is okay to pause.""]",,True,False,True,False,True,False,True,True,True,True
simple_memory,no_profile,indoor_noisy_platform_audio,indoor_noisy_platform_audio,Noisy Platform Transfer,[],"[""Step 1: Walk to the central platform waiting zone. (90m, about 2 min)."", ""Step 2: Listen for the gate change announcement in the noisy hall. (80m, about 2 min)."", ""Step 3: Continue to the boarding gate beside the display board. (130m, about 3 min).""]",[],,True,False,True,False,True,False,True,False,True,True
simple_memory,profile_only,indoor_noisy_platform_audio,indoor_noisy_platform_audio,Noisy Platform Transfer,"[""simple_english_mode""]","[""Step 1: Walk to the central platform waiting zone. (90m, about 2 min)."", ""Step 2: Listen for the gate change announcement in the noisy hall. (80m, about 2 min)."", ""Step 3: Continue to the boarding gate beside the display board. (130m, about 3 min).""]","[""Check each step before you move."", ""Take your time. It is okay to pause.""]",,True,False,True,False,True,False,True,True,True,True
simple_memory,no_profile,indoor_university_long_corridor,indoor_university_long_corridor,University Building Long Corridor,[],"[""Step 1: Enter the main lobby and go to the information screen. (120m, about 2 min)."", ""Step 2: Continue 620m along the long east corridor. (620m, about 10 min)."", ""Step 3: Turn right at the seminar room cluster. (240m, about 4 min).""]",[],,True,False,True,False,True,False,True,False,True,True
simple_memory,profile_only,indoor_university_long_corridor,indoor_university_long_corridor,University Building Long Corridor,"[""simple_english_mode""]","[""Step 1: Enter the main lobby and go to the information screen. (120m, about 2 min)."", ""Step 2: Continue 620m along the long east corridor. (620m, about 10 min)."", ""Step 3: Turn right at the seminar room cluster. (240m, about 4 min).""]","[""Check each step before you move."", ""Take your time. It is okay to pause.""]",,True,False,True,False,True,False,True,True,True,True
simple_memory,no_profile,indoor_hospital_complex_instructions,indoor_hospital_complex_instructions,Hospital Reception to Clinic Desk,[],"[""Step 1: Proceed from reception through the atrium, then continue past the pharmacy and outpatient waiting area. (180m, about 4 min)."", ""Step 2: After the second glass door, turn left, pass two corridor junctions, and continue toward Clinic C. (220m, about 5 min)."", ""Step 3: Check in at the clinic desk beside the blue seating area. (140m, about 2 min).""]",[],,True,False,True,False,True,False,True,False,True,True
simple_memory,profile_only,indoor_hospital_complex_instructions,indoor_hospital_complex_instructions,Hospital Reception to Clinic Desk,"[""simple_english_mode""]","[""Step 1: go from reception through the atrium, then continue past the pharmacy and outpatient waiting area. (180m, about 4 min)."", ""Step 2: After the second glass door, turn left, pass two corridor junctions, and continue toward Clinic C. (220m, about 5 min)."", ""Step 3: Check in at the clinic desk beside the blue seating area. (140m, about 2 min).""]","[""Check each step before you move."", ""Take your time. It is okay to pause.""]",,True,False,True,False,True,False,True,True,True,True
mixed_needs,no_profile,indoor_station_transfer_stairs,indoor_station_transfer_stairs,Indoor Station Transfer (stairs),[],"[""Step 1: Enter the station concourse and look for the blue transfer signs. (90m, about 2 min)."", ""Step 2: Take the stairs down to the lower platform corridor. (40m, about 2 min)."", ""Step 3: Listen for the platform announcement before entering Track 4. (160m, about 3 min)."", ""Step 4: Look for the green exit sign at the end of the corridor. (130m, about 2 min).""]",[],,True,False,True,False,True,False,True,False,True,True
mixed_needs,profile_only,indoor_station_transfer_stairs,indoor_station_transfer_elevator,Indoor Station Transfer (elevator),"[""step_free_route"", ""low_vision_stepwise_directions"", ""deaf_text_first_guidance"", ""mobility_step_free_preference"", ""simple_english_mode""]","[""Step 1: Go to the staffed information desk beside the main concourse. (110m, about 3 min). Landmark: Information desk."", ""Step 2: Use the elevator beside the ticket machines to reach the lower corridor. (50m, about 3 min). Landmark: Elevator beside ticket machines."", ""Step 3: Follow the flat corridor to Track 4 and check the electronic board. (220m, about 4 min). Landmark: Electronic board."", ""Step 4: Continue to the easy access exit beside the service counter. (140m, about 2 min). Landmark: Service counter.""]","[""Keep your preferred navigation aid ready."", ""Use landmarks and distance checks at each step."", ""Use text or visual transit boards for live updates."", ""If needed, show route text to station staff."", ""Confirm elevators or ramps before departure."", ""Avoid any stair segment unless explicitly assisted."", ""Check each step before you move."", ""Take your time. It is okay to pause.""]",,True,True,True,False,True,False,True,True,True,True
mixed_needs,no_profile,indoor_station_transfer_elevator,indoor_station_transfer_elevator,Indoor Station Transfer (elevator),[],"[""Step 1: Go to the staffed information desk beside the main concourse. (110m, about 3 min)."", ""Step 2: Use the elevator beside the ticket machines to reach the lower corridor. (50m, about 3 min)."", ""Step 3: Follow the flat corridor to Track 4 and check the electronic board. (220m, about 4 min)."", ""Step 4: Continue to the accessible exit beside the service counter. (140m, about 2 min).""]",[],,True,False,True,False,True,False,True,False,True,True
mixed_needs,profile_only,indoor_station_transfer_elevator,indoor_station_transfer_elevator,Indoor Station Transfer (elevator),"[""low_vision_stepwise_directions"", ""deaf_text_first_guidance"", ""mobility_step_free_preference"", ""simple_english_mode""]","[""Step 1: Go to the staffed information desk beside the main concourse. (110m, about 3 min). Landmark: Information desk."", ""Step 2: Use the elevator beside the ticket machines to reach the lower corridor. (50m, about 3 min). Landmark: Elevator beside ticket machines."", ""Step 3: Follow the flat corridor to Track 4 and check the electronic board. (220m, about 4 min). Landmark: Electronic board."", ""Step 4: Continue to the easy access exit beside the service counter. (140m, about 2 min). Landmark: Service counter.""]","[""Keep your preferred navigation aid ready."", ""Use landmarks and distance checks at each step."", ""Use text or visual transit boards for live updates."", ""If needed, show route text to station staff."", ""Confirm elevators or ramps before departure."", ""Avoid any stair segment unless explicitly assisted."", ""Check each step before you move."", ""Take your time. It is okay to pause.""]",,True,False,True,False,True,False,True,True,True,True
mixed_needs,no_profile,indoor_museum_visual_signage,indoor_museum_visual_signage,Museum Entrance to Gallery Wing,[],"[""Step 1: Look for the red Gallery B sign above the main hall doorway. (80m, about 2 min)."", ""Step 2: Walk through the quiet sculpture hall to the tactile floor strip. (150m, about 3 min)."", ""Step 3: See the glass wall and turn right toward Gallery B. (130m, about 3 min).""]",[],,True,False,True,False,True,False,True,False,True,True
mixed_needs,profile_only,indoor_museum_visual_signage,indoor_museum_visual_signage,Museum Entrance to Gallery Wing,"[""nonvisual_indoor_guidance"", ""low_vision_stepwise_directions"", ""deaf_text_first_guidance"", ""mobility_step_free_preference"", ""simple_english_mode""]","[""Step 1: Use nearby staff, tactile cues, or the route text to confirm Main hall doorway (80m, about 2 min). Landmark: Main hall doorway."", ""Step 2: Walk through the quiet sculpture hall to the tactile floor strip. (150m, about 3 min). Landmark: Sculpture hall."", ""Step 3: Use nearby staff, tactile cues, or the route text to confirm Glass wall (130m, about 3 min). Landmark: Glass wall.""]","[""Keep your preferred navigation aid ready."", ""Use landmarks and distance checks at each step."", ""Use text or visual transit boards for live updates."", ""If needed, show route text to station staff."", ""Confirm elevators or ramps before departure."", ""Avoid any stair segment unless explicitly assisted."", ""Check each step before you move."", ""Take your time. It is okay to pause.""]",,True,False,True,True,True,False,True,True,True,True
mixed_needs,no_profile,indoor_noisy_platform_audio,indoor_noisy_platform_audio,Noisy Platform Transfer,[],"[""Step 1: Walk to the central platform waiting zone. (90m, about 2 min)."", ""Step 2: Listen for the gate change announcement in the noisy hall. (80m, about 2 min)."", ""Step 3: Continue to the boarding gate beside the display board. (130m, about 3 min).""]",[],,True,False,True,False,True,False,True,False,True,True
mixed_needs,profile_only,indoor_noisy_platform_audio,indoor_noisy_platform_audio,Noisy Platform Transfer,"[""audio_to_visible_cues"", ""low_vision_stepwise_directions"", ""deaf_text_first_guidance"", ""mobility_step_free_preference"", ""simple_english_mode""]","[""Step 1: Walk to the central platform waiting zone. (90m, about 2 min). Landmark: Central waiting zone."", ""Step 2: Move to the same stop and check electronic display boards for Bus 9 updates (80m, about 2 min)."", ""Step 3: Continue to the boarding gate beside the display board. (130m, about 3 min). Landmark: Display board.""]","[""Keep your preferred navigation aid ready."", ""Use landmarks and distance checks at each step."", ""Use text or visual transit boards for live updates."", ""If needed, show route text to station staff."", ""Confirm elevators or ramps before departure."", ""Avoid any stair segment unless explicitly assisted."", ""Check each step before you move."", ""Take your time. It is okay to pause.""]",,True,False,True,False,True,True,True,True,True,True
mixed_needs,no_profile,indoor_university_long_corridor,indoor_university_long_corridor,University Building Long Corridor,[],"[""Step 1: Enter the main lobby and go to the information screen. (120m, about 2 min)."", ""Step 2: Continue 620m along the long east corridor. (620m, about 10 min)."", ""Step 3: Turn right at the seminar room cluster. (240m, about 4 min).""]",[],,True,False,True,False,True,False,True,False,True,True
mixed_needs,profile_only,indoor_university_long_corridor,indoor_university_long_corridor,University Building Long Corridor,"[""low_vision_stepwise_directions"", ""deaf_text_first_guidance"", ""mobility_step_free_preference"", ""simple_english_mode""]","[""Step 1: Enter the main lobby and go to the information screen. (120m, about 2 min). Landmark: Main lobby."", ""Step 2: Continue 620m along the long east corridor. (620m, about 10 min). Landmark: East corridor."", ""Step 3: Turn right at the seminar room cluster. (240m, about 4 min). Landmark: Seminar rooms.""]","[""Keep your preferred navigation aid ready."", ""Use landmarks and distance checks at each step."", ""Use text or visual transit boards for live updates."", ""If needed, show route text to station staff."", ""Confirm elevators or ramps before departure."", ""Avoid any stair segment unless explicitly assisted."", ""Check each step before you move."", ""Take your time. It is okay to pause.""]",,True,False,True,False,True,False,True,True,True,True
mixed_needs,no_profile,indoor_hospital_complex_instructions,indoor_hospital_complex_instructions,Hospital Reception to Clinic Desk,[],"[""Step 1: Proceed from reception through the atrium, then continue past the pharmacy and outpatient waiting area. (180m, about 4 min)."", ""Step 2: After the second glass door, turn left, pass two corridor junctions, and continue toward Clinic C. (220m, about 5 min)."", ""Step 3: Check in at the clinic desk beside the blue seating area. (140m, about 2 min).""]",[],,True,False,True,False,True,False,True,False,True,True
mixed_needs,profile_only,indoor_hospital_complex_instructions,indoor_hospital_complex_instructions,Hospital Reception to Clinic Desk,"[""low_vision_stepwise_directions"", ""deaf_text_first_guidance"", ""mobility_step_free_preference"", ""simple_english_mode""]","[""Step 1: go from reception through the atrium, then continue past the pharmacy and outpatient waiting area. (180m, about 4 min). Landmark: Reception."", ""Step 2: After the second glass door, turn left, pass two corridor junctions, and continue toward Clinic C. (220m, about 5 min). Landmark: Clinic C corridor."", ""Step 3: Check in at the clinic desk beside the blue seating area. (140m, about 2 min). Landmark: Clinic desk.""]","[""Keep your preferred navigation aid ready."", ""Use landmarks and distance checks at each step."", ""Use text or visual transit boards for live updates."", ""If needed, show route text to station staff."", ""Confirm elevators or ramps before departure."", ""Avoid any stair segment unless explicitly assisted."", ""Check each step before you move."", ""Take your time. It is okay to pause.""]",,True,False,True,False,True,False,True,True,True,True
